First_Name,Last_Name,Address
Anka 1,Pulemet1,Lenina 522
Anka 2,Pulemet2,Lenina 523
Anka 3,Pulemet3,Lenina 524
Anka 4,Pulemet4,Lenina 525
Anka 5,Pulemet5,Lenina 526
Anka 6,Pulemet6,Lenina 527
Anka 7,Pulemet7,Lenina 528
Anka 8,Pulemet8,Lenina 529
Anka 9,Pulemet9,Lenina 530
Anka 10,Pulemet10,Lenina 531
Anka 11,Pulemet11,Lenina 532
Anka 12,Pulemet12,Lenina 533
Anka 13,Pulemet13,Lenina 534
Anka 14,Pulemet14,Lenina 535
Anka 15,Pulemet15,Lenina 536
Anka 16,Pulemet16,Lenina 537
Anka 17,Pulemet17,Lenina 538
Anka 18,Pulemet18,Lenina 539
Anka 19,Pulemet19,Lenina 540
Anka 20,Pulemet20,Lenina 541
Anka 21,Pulemet21,Lenina 542
Anka 22,Pulemet22,Lenina 543
Anka 23,Pulemet23,Lenina 544
Anka 24,Pulemet24,Lenina 545
Anka 25,Pulemet25,Lenina 546
Anka 26,Pulemet26,Lenina 547
Anka 27,Pulemet27,Lenina 548
Anka 28,Pulemet28,Lenina 549
Anka 29,Pulemet29,Lenina 550
Anka 30,Pulemet30,Lenina 551
Anka 31,Pulemet31,Lenina 552
Anka 32,Pulemet32,Lenina 553
Anka 33,Pulemet33,Lenina 554
Anka 34,Pulemet34,Lenina 555
Anka 35,Pulemet35,Lenina 556
Anka 36,Pulemet36,Lenina 557
Anka 37,Pulemet37,Lenina 558
Anka 38,Pulemet38,Lenina 559
Anka 39,Pulemet39,Lenina 560
Anka 40,Pulemet40,Lenina 561
Anka 41,Pulemet41,Lenina 562
Anka 42,Pulemet42,Lenina 563
Anka 43,Pulemet43,Lenina 564
Anka 44,Pulemet44,Lenina 565
Anka 45,Pulemet45,Lenina 566
Anka 46,Pulemet46,Lenina 567
Anka 47,Pulemet47,Lenina 568
Anka 48,Pulemet48,Lenina 569
Anka 49,Pulemet49,Lenina 570
Anka 50,Pulemet50,Lenina 571
Anka 51,Pulemet51,Lenina 572
Anka 52,Pulemet52,Lenina 573
Anka 53,Pulemet53,Lenina 574
Anka 54,Pulemet54,Lenina 575
Anka 55,Pulemet55,Lenina 576
Anka 56,Pulemet56,Lenina 577
Anka 57,Pulemet57,Lenina 578
Anka 58,Pulemet58,Lenina 579
Anka 59,Pulemet59,Lenina 580
Anka 60,Pulemet60,Lenina 581
Anka 61,Pulemet61,Lenina 582
Anka 62,Pulemet62,Lenina 583
Anka 63,Pulemet63,Lenina 584
Anka 64,Pulemet64,Lenina 585
Anka 65,Pulemet65,Lenina 586
Anka 66,Pulemet66,Lenina 587
Anka 67,Pulemet67,Lenina 588
Anka 68,Pulemet68,Lenina 589
Anka 69,Pulemet69,Lenina 590
Anka 70,Pulemet70,Lenina 591
Anka 71,Pulemet71,Lenina 592
Anka 72,Pulemet72,Lenina 593
Anka 73,Pulemet73,Lenina 594
Anka 74,Pulemet74,Lenina 595
Anka 75,Pulemet75,Lenina 596
Anka 76,Pulemet76,Lenina 597
Anka 77,Pulemet77,Lenina 598
Anka 78,Pulemet78,Lenina 599
Anka 79,Pulemet79,Lenina 600
Anka 80,Pulemet80,Lenina 601
Anka 81,Pulemet81,Lenina 602
Anka 82,Pulemet82,Lenina 603
Anka 83,Pulemet83,Lenina 604
Anka 84,Pulemet84,Lenina 605
Anka 85,Pulemet85,Lenina 606
Anka 86,Pulemet86,Lenina 607
Anka 87,Pulemet87,Lenina 608
Anka 88,Pulemet88,Lenina 609
Anka 89,Pulemet89,Lenina 610
Anka 90,Pulemet90,Lenina 611
Anka 91,Pulemet91,Lenina 612
Anka 92,Pulemet92,Lenina 613
Anka 93,Pulemet93,Lenina 614
Anka 94,Pulemet94,Lenina 615
Anka 95,Pulemet95,Lenina 616
Anka 96,Pulemet96,Lenina 617
Anka 97,Pulemet97,Lenina 618
Anka 98,Pulemet98,Lenina 619
Anka 99,Pulemet99,Lenina 620
Anka 100,Pulemet100,Lenina 621
Anka 101,Pulemet101,Lenina 622
Anka 102,Pulemet102,Lenina 623
Anka 103,Pulemet103,Lenina 624
Anka 104,Pulemet104,Lenina 625
Anka 105,Pulemet105,Lenina 626
Anka 106,Pulemet106,Lenina 627
Anka 107,Pulemet107,Lenina 628
Anka 108,Pulemet108,Lenina 629
Anka 109,Pulemet109,Lenina 630
Anka 110,Pulemet110,Lenina 631
Anka 111,Pulemet111,Lenina 632
Anka 112,Pulemet112,Lenina 633
Anka 113,Pulemet113,Lenina 634
Anka 114,Pulemet114,Lenina 635
Anka 115,Pulemet115,Lenina 636
Anka 116,Pulemet116,Lenina 637
Anka 117,Pulemet117,Lenina 638
Anka 118,Pulemet118,Lenina 639
Anka 119,Pulemet119,Lenina 640
Anka 120,Pulemet120,Lenina 641
Anka 121,Pulemet121,Lenina 642
Anka 122,Pulemet122,Lenina 643
Anka 123,Pulemet123,Lenina 644
Anka 124,Pulemet124,Lenina 645
Anka 125,Pulemet125,Lenina 646
Anka 126,Pulemet126,Lenina 647
Anka 127,Pulemet127,Lenina 648
Anka 128,Pulemet128,Lenina 649
Anka 129,Pulemet129,Lenina 650
Anka 130,Pulemet130,Lenina 651
Anka 131,Pulemet131,Lenina 652
Anka 132,Pulemet132,Lenina 653
Anka 133,Pulemet133,Lenina 654
Anka 134,Pulemet134,Lenina 655
Anka 135,Pulemet135,Lenina 656
Anka 136,Pulemet136,Lenina 657
Anka 137,Pulemet137,Lenina 658
Anka 138,Pulemet138,Lenina 659
Anka 139,Pulemet139,Lenina 660
Anka 140,Pulemet140,Lenina 661
Anka 141,Pulemet141,Lenina 662